head,noise_rate,seed,accuracy,balanced_accuracy,precision,recall,specificity,f1,roc_auc,ap,accuracy_recal,balanced_accuracy_recal,precision_recal,recall_recal,specificity_recal,f1_recal,ece,auroc_misclassification,auroc_ood_BreastMNIST,auroc_ood_OrganCMNIST,auroc_flipped_uncertainty,auroc_flipped_disagreement
softmax,0.0,0,0.7948717948717948,0.7282051282051283,0.754863813229572,0.9948717948717949,0.46153846153846156,0.8584070796460177,0.9462962962962963,0.9621523609129746,0.8605769230769231,0.8235042735042735,0.832967032967033,0.9717948717948718,0.6752136752136753,0.8970414201183432,0.1525002394158106,0.8172568044354839,0.8111542570677186,0.6179939184746877,,
edl,0.0,0,0.8557692307692307,0.8170940170940171,0.8275109170305677,0.9717948717948718,0.6623931623931624,0.8938679245283019,0.9477098400175323,0.9604189548039381,0.8669871794871795,0.8346153846153846,0.8449438202247191,0.9641025641025641,0.7051282051282052,0.9005988023952096,0.06007393029255745,0.8238035788597587,0.7430555555555556,0.40760344756738986,,
softmax,0.0,1,0.7051282051282052,0.6068376068376068,0.6794425087108014,1.0,0.21367521367521367,0.8091286307053942,0.94474030243261,0.9609742312735448,0.8798076923076923,0.8431623931623932,0.8446389496717724,0.9897435897435898,0.6965811965811965,0.911452184179457,0.26160542676464105,0.8404150197628458,0.8056274654832347,0.7457778599605523,,
edl,0.0,1,0.7291666666666666,0.6388888888888888,0.6976744186046512,1.0,0.2777777777777778,0.821917808219178,0.9479399517861056,0.9630782627472568,0.8653846153846154,0.8222222222222222,0.825531914893617,0.9948717948717949,0.6495726495726496,0.9023255813953488,0.16668934499224028,0.836491319331556,0.7489316239316239,0.7332835100262984,,
softmax,0.0,2,0.8365384615384616,0.7854700854700856,0.7975206611570248,0.9897435897435898,0.5811965811965812,0.8832951945080092,0.9462195923734386,0.9538134339692652,0.8653846153846154,0.8273504273504273,0.834061135371179,0.9794871794871794,0.6752136752136753,0.9009433962264151,0.10683606937527654,0.809574787769514,0.8237898586456279,0.6599276791584483,,
edl,0.0,2,0.6971153846153846,0.5961538461538461,0.6735751295336787,1.0,0.19230769230769232,0.804953560371517,0.9243699320622397,0.9360708635748899,0.8477564102564102,0.8038461538461539,0.814498933901919,0.9794871794871794,0.6282051282051282,0.889406286379511,0.20450230983969495,0.8293377120963328,0.7960839907955293,0.8085654996712689,,
softmax,0.05,0,0.8637820512820513,0.8235042735042735,0.8293736501079914,0.9846153846153847,0.6623931623931624,0.9003516998827668,0.9567609029147491,0.9703423860153768,0.8541666666666666,0.808974358974359,0.8160676532769556,0.9897435897435898,0.6282051282051282,0.8945538818076477,0.07379942989120114,0.8123976863472662,0.7652859960552267,0.6790736974030244,0.7965830237734903,0.9886618195416045
edl,0.05,0,0.7708333333333334,0.6944444444444444,0.7317073170731707,1.0,0.3888888888888889,0.8450704225352113,0.962886259040105,0.9759385844054769,0.8878205128205128,0.8615384615384616,0.868663594470046,0.9666666666666667,0.7564102564102564,0.9150485436893204,0.12503513712913558,0.8225869764331302,0.6526031393819856,0.7685758752465485,0.8692228725036776,0.9647401637580388
softmax,0.05,1,0.8125,0.7508547008547009,0.7702970297029703,0.9974358974358974,0.5042735042735043,0.8692737430167597,0.9454963839579223,0.9592192775661718,0.8814102564102564,0.8470085470085471,0.8495575221238938,0.9846153846153847,0.7094017094017094,0.9121140142517815,0.13169929509361586,0.7833746354456413,0.8644908777120315,0.6230481591058514,0.8835843325678121,0.9623236567219464
edl,0.05,1,0.9038461538461539,0.8871794871794871,0.8985507246376812,0.9538461538461539,0.8205128205128205,0.9253731343283582,0.9662393162393162,0.9773393799905224,0.8798076923076923,0.8414529914529915,0.841648590021692,0.9948717948717949,0.688034188034188,0.9118683901292597,0.08369768592409596,0.8695626477541372,0.7903003780407627,0.2020643285667324,0.621472693470492,0.9943203265283085
softmax,0.05,2,0.7532051282051282,0.6717948717948719,0.7177121771217713,0.9974358974358974,0.34615384615384615,0.8347639484978541,0.9345770326539558,0.9463201554276718,0.8317307692307693,0.7782051282051282,0.7914110429447853,0.9923076923076923,0.5641025641025641,0.8805460750853242,0.18178023703587365,0.8080685272174635,0.835521449704142,0.7382016354372124,0.8881880430526304,0.9433090977080224
edl,0.05,2,0.717948717948718,0.6239316239316239,0.6890459363957597,1.0,0.24786324786324787,0.8158995815899581,0.9218715757177295,0.9361477046122055,0.8189102564102564,0.7619658119658119,0.7797979797979798,0.9897435897435898,0.5341880341880342,0.8723163841807909,0.17422395075360936,0.8086825284090908,0.819762902695595,0.8031748233070349,0.8559126811939308,0.885969089876423
softmax,0.1,0,0.8862179487179487,0.867948717948718,0.8843373493975903,0.941025641025641,0.7948717948717948,0.9118012422360249,0.9500109577032654,0.9660584515321369,0.8509615384615384,0.8141025641025641,0.8278145695364238,0.9615384615384616,0.6666666666666666,0.8896797153024911,0.04193324079880345,0.8269617706237425,0.6883731919789613,0.46405530900723213,0.6766229390642258,0.9921841640136425
edl,0.1,0,0.8541666666666666,0.8106837606837607,0.8187633262260128,0.9846153846153847,0.6367521367521367,0.8940628637951106,0.9498685075608152,0.9645751820068044,0.8589743589743589,0.8213675213675213,0.831140350877193,0.9717948717948718,0.6709401709401709,0.8959810874704491,0.045036355272317544,0.7668597818691628,0.8122842702169625,0.6138475406804733,0.8184304547346346,0.9865502038639561
softmax,0.1,1,0.7355769230769231,0.6474358974358975,0.7027027027027027,1.0,0.2948717948717949,0.8253968253968254,0.9602838045145737,0.9745925991553301,0.8653846153846154,0.8256410256410256,0.8311688311688312,0.9846153846153847,0.6666666666666666,0.9014084507042254,0.19541260074728573,0.8341057635175282,0.6878698224852071,0.7040084648257725,0.8845074203597302,0.902844366129936
edl,0.1,1,0.7467948717948718,0.6623931623931624,0.7116788321167883,1.0,0.3247863247863248,0.8315565031982942,0.9627766820074513,0.9752845637321328,0.8910256410256411,0.8598290598290599,0.8609865470852018,0.9846153846153847,0.7350427350427351,0.9186602870813397,0.15638687146397737,0.8221057206497528,0.6309479783037476,0.8220742932281395,0.8727656492386857,0.9143987589792929
softmax,0.1,2,0.6875,0.5833333333333334,0.6666666666666666,1.0,0.16666666666666666,0.8,0.9293776024545255,0.940794728241258,0.8413461538461539,0.7952991452991454,0.8076109936575053,0.9794871794871794,0.6111111111111112,0.8852838933951332,0.27217004753840274,0.8406909329986253,0.8015902366863904,0.7855517546022355,0.863844461620786,0.8217185830599232
edl,0.1,2,0.6794871794871795,0.5726495726495726,0.6610169491525424,1.0,0.1452991452991453,0.7959183673469388,0.9177186061801447,0.9291065291654188,0.8365384615384616,0.7931623931623932,0.8090128755364807,0.9666666666666667,0.6196581196581197,0.8808411214953271,0.21834475518419194,0.8394811320754717,0.7737919132149901,0.8164910009861933,0.8625400205755756,0.8140757116320466
softmax,0.2,0,0.6666666666666666,0.5555555555555556,0.6521739130434783,1.0,0.1111111111111111,0.7894736842105263,0.9531393819855358,0.9675390325125264,0.8685897435897436,0.8367521367521368,0.8468468468468469,0.9641025641025641,0.7094017094017094,0.9016786570743405,0.27169976115990907,0.8929363905325445,0.8188280736357659,0.8233763765614727,0.8722745266107217,0.8376868096166341
edl,0.2,0,0.8125,0.7517094017094017,0.7713717693836978,0.9948717948717949,0.5085470085470085,0.8689809630459127,0.9569910146833224,0.9709931933023391,0.875,0.8452991452991453,0.8545454545454545,0.9641025641025641,0.7264957264957265,0.9060240963855422,0.07210167010243121,0.7683204369594903,0.6980810322156477,0.8265738001314924,0.8901105535048548,0.9828119023589971
softmax,0.2,1,0.7564102564102564,0.6752136752136753,0.7195571955719557,1.0,0.3504273504273504,0.8369098712446352,0.9609083936007013,0.972895639899771,0.8509615384615384,0.808974358974359,0.8193548387096774,0.9769230769230769,0.6410256410256411,0.8912280701754386,0.163860704176701,0.8205424843889384,0.7928685897435898,0.7610741288625904,0.9040714473338588,0.9517997778791607
edl,0.2,1,0.7435897435897436,0.6581196581196581,0.7090909090909091,1.0,0.3162393162393162,0.8297872340425532,0.9647600262984879,0.9778567305023858,0.8926282051282052,0.8696581196581197,0.8782201405152225,0.9615384615384616,0.7777777777777778,0.9179926560587516,0.13326606335930336,0.8269396551724137,0.6803295529257068,0.8382077991452991,0.8862464803985273,0.9255157857870314
softmax,0.2,2,0.7435897435897436,0.6581196581196581,0.7090909090909091,1.0,0.3162393162393162,0.8297872340425532,0.9353714661406969,0.949051978517006,0.844551282051282,0.8004273504273505,0.8123667377398721,0.9769230769230769,0.6239316239316239,0.8870779976717112,0.18232244186294388,0.7956627155172413,0.8767258382642997,0.7992172090729784,0.8798505983898545,0.9088382895773714
edl,0.2,2,0.7083333333333334,0.6111111111111112,0.6818181818181818,1.0,0.2222222222222222,0.8108108108108109,0.9247863247863248,0.9397143396706218,0.8221153846153846,0.7653846153846153,0.7818181818181819,0.9923076923076923,0.5384615384615384,0.8745762711864407,0.172273460489053,0.8088981154592014,0.8796125082182774,0.8768388395792243,0.8683961677242753,0.8636482195770487
softmax,0.3,0,0.7355769230769231,0.6482905982905983,0.7034358047016275,0.9974358974358974,0.29914529914529914,0.8250265111346765,0.9519285557747096,0.9679096351875681,0.8525641025641025,0.8102564102564103,0.8197424892703863,0.9794871794871794,0.6410256410256411,0.8925233644859814,0.17304452661520398,0.823674655047204,0.7978817389875082,0.782200238330046,0.9056450858073787,0.9423279298969907
edl,0.3,0,0.8205128205128205,0.7632478632478632,0.780241935483871,0.9923076923076923,0.5341880341880342,0.873589164785553,0.9565965373657681,0.9708373684913145,0.8605769230769231,0.8200854700854701,0.8272138228941684,0.982051282051282,0.6581196581196581,0.8980070339976554,0.10242332718693292,0.7353690011160715,0.7357823800131492,0.7305252506574623,0.8988718176390827,0.9790642138708437
softmax,0.3,1,0.7564102564102564,0.6760683760683761,0.7203703703703703,0.9974358974358974,0.3547008547008547,0.8365591397849462,0.9566129739206662,0.9721599917448493,0.8878205128205128,0.8658119658119658,0.8773584905660378,0.9538461538461539,0.7777777777777778,0.914004914004914,0.14093749072307193,0.8161797502230153,0.670744986850756,0.7183519271860617,0.9125129014631777,0.9578305557242021
edl,0.3,1,0.6907051282051282,0.5876068376068376,0.6689536878216124,1.0,0.1752136752136752,0.8016443987667009,0.9590072320841553,0.9740080746677209,0.8814102564102564,0.8555555555555556,0.8657407407407407,0.958974358974359,0.7521367521367521,0.9099756690997567,0.19372341657678285,0.8641549355036485,0.5763375246548323,0.8876766929651545,0.8855071033938438,0.8798563890069414
softmax,0.3,2,0.8141025641025641,0.752991452991453,0.7718253968253969,0.9974358974358974,0.5085470085470085,0.8702460850111857,0.9457484111330265,0.9609872762817788,0.8301282051282052,0.7777777777777778,0.7921810699588477,0.9871794871794872,0.5683760683760684,0.8789954337899544,0.10410920415933314,0.757042492533261,0.8249712360289284,0.6945934007232084,0.8909962332786918,0.9713695029648068
edl,0.3,2,0.8044871794871795,0.7401709401709402,0.7627450980392156,0.9974358974358974,0.4829059829059829,0.8644444444444445,0.9522353714661408,0.9667232512771723,0.8701923076923077,0.8405982905982906,0.8519362186788155,0.958974358974359,0.7222222222222222,0.902291917973462,0.09863150731111187,0.7432564822676507,0.7470722386587771,0.7248315253122944,0.9024699977738652,0.9651584603242063
softmax,0.4,0,0.6907051282051282,0.5876068376068376,0.6689536878216124,1.0,0.1752136752136752,0.8016443987667009,0.954514573745343,0.9684818491012864,0.8493589743589743,0.8068376068376069,0.8175965665236051,0.9769230769230769,0.6367521367521367,0.8901869158878505,0.2055549147801522,0.8657177548297128,0.6502095660749507,0.7886644271860618,0.9086579605554288,0.9150281788710127
edl,0.4,0,0.7163461538461539,0.6217948717948718,0.6878306878306878,1.0,0.24358974358974358,0.8150470219435737,0.957144422529038,0.9706604237365715,0.8493589743589743,0.8076923076923077,0.8189655172413793,0.9743589743589743,0.6410256410256411,0.8899297423887588,0.16671889170240134,0.8252758503014447,0.5438856015779092,0.8421859590729783,0.8966773105017223,0.9211225542085061
softmax,0.4,1,0.6426282051282052,0.5235042735042735,0.636215334420881,1.0,0.04700854700854701,0.7776669990029911,0.9576156037694499,0.9707897270905088,0.8782051282051282,0.8427350427350427,0.8458149779735683,0.9846153846153847,0.7008547008547008,0.909952606635071,0.29310676188041,0.9304317681133488,0.7699190499671269,0.7592943581525311,0.8887487743019613,0.8400383645922885
edl,0.4,1,0.6314102564102564,0.5085470085470085,0.6290322580645161,1.0,0.017094017094017096,0.7722772277227723,0.935733070348455,0.953899155452884,0.8477564102564102,0.8047008547008547,0.815845824411135,0.9769230769230769,0.6324786324786325,0.8891481913652275,0.26935672807769895,0.9251710439196646,0.711887738330046,0.9170518984220907,0.8911606946174555,0.8212786053067122
softmax,0.4,2,0.6826923076923077,0.5769230769230769,0.6632653061224489,1.0,0.15384615384615385,0.7975460122699386,0.9635765943458251,0.9772655876371517,0.8766025641025641,0.8431623931623932,0.8485523385300668,0.9769230769230769,0.7094017094017094,0.9082240762812872,0.22570807916613728,0.8851899274434486,0.7553418803418803,0.7977713058842867,0.9045410284751829,0.9050554317673639
edl,0.4,2,0.7532051282051282,0.6726495726495727,0.7185185185185186,0.9948717948717949,0.3504273504273504,0.8344086021505376,0.9597085250931405,0.9744860274170144,0.8365384615384616,0.7871794871794873,0.8,0.9846153846153847,0.5897435897435898,0.8827586206896552,0.12596781408557525,0.7838629455650733,0.6756964990138066,0.8567656969099277,0.8993987012961695,0.9553548627315667
