model,noise_rate,seed,config,accuracy,balanced_accuracy,precision,recall,specificity,f1,roc_auc,ap
Gradient boosting,0.0,0,baseline,0.8301282051282052,0.7829059829059829,0.79957805907173,0.9717948717948718,0.594017094017094,0.8773148148148148,0.9383848345386807,0.953042726054077
Gradient boosting,0.0,0,recalibrated,0.8381410256410257,0.7952991452991454,0.810752688172043,0.9666666666666667,0.6239316239316239,0.8818713450292398,0.9383848345386807,0.953042726054077
Gradient boosting,0.05,0,baseline,0.8221153846153846,0.7713675213675213,0.7900207900207901,0.9743589743589743,0.5683760683760684,0.8725602755453502,0.9367137847907078,0.9495592169670624
Gradient boosting,0.05,0,recalibrated,0.8621794871794872,0.8316239316239317,0.8454545454545455,0.9538461538461539,0.7094017094017094,0.8963855421686747,0.9367137847907078,0.9495592169670624
Gradient boosting,0.05,1,baseline,0.8237179487179487,0.7692307692307693,0.7857142857142857,0.9871794871794872,0.5512820512820513,0.875,0.9421214113521805,0.951466197076486
Gradient boosting,0.05,1,recalibrated,0.8557692307692307,0.8162393162393162,0.8260869565217391,0.9743589743589743,0.6581196581196581,0.8941176470588236,0.9421214113521805,0.951466197076486
Gradient boosting,0.05,2,baseline,0.8285256410256411,0.7764957264957265,0.7917525773195876,0.9846153846153847,0.5683760683760684,0.8777142857142857,0.9405873328950252,0.9514272823936529
Gradient boosting,0.05,2,recalibrated,0.8541666666666666,0.8158119658119658,0.8271334792122538,0.9692307692307692,0.6623931623931624,0.8925619834710744,0.9405873328950252,0.9514272823936529
Gradient boosting,0.05,3,baseline,0.8253205128205128,0.7739316239316238,0.7908902691511387,0.9794871794871794,0.5683760683760684,0.8751431844215349,0.9437541091387245,0.9568136291791848
Gradient boosting,0.05,3,recalibrated,0.8766025641025641,0.8525641025641025,0.8665105386416861,0.9487179487179487,0.7564102564102564,0.9057527539779682,0.9437541091387245,0.9568136291791848
Gradient boosting,0.05,4,baseline,0.8253205128205128,0.773076923076923,0.7896907216494845,0.982051282051282,0.5641025641025641,0.8754285714285714,0.936511067280298,0.9500076537314284
Gradient boosting,0.05,4,recalibrated,0.8669871794871795,0.8354700854700855,0.8465011286681715,0.9615384615384616,0.7094017094017094,0.9003601440576231,0.936511067280298,0.9500076537314284
Gradient boosting,0.1,0,baseline,0.8044871794871795,0.7435897435897436,0.7669322709163346,0.9871794871794872,0.5,0.8632286995515696,0.9361056322594785,0.947007668038381
Gradient boosting,0.1,0,recalibrated,0.8621794871794872,0.8307692307692308,0.8438914027149321,0.9564102564102565,0.7051282051282052,0.8966346153846154,0.9361056322594785,0.947007668038381
Gradient boosting,0.1,1,baseline,0.8189102564102564,0.7628205128205128,0.7809330628803245,0.9871794871794872,0.5384615384615384,0.8720271800679502,0.9366973482358097,0.9478246875628281
Gradient boosting,0.1,1,recalibrated,0.8782051282051282,0.858974358974359,0.8774038461538461,0.9358974358974359,0.782051282051282,0.9057071960297767,0.9366973482358097,0.9478246875628281
Gradient boosting,0.1,2,baseline,0.7996794871794872,0.7371794871794872,0.7623762376237624,0.9871794871794872,0.48717948717948717,0.8603351955307262,0.9376287530133685,0.9512199330921451
Gradient boosting,0.1,2,recalibrated,0.8477564102564102,0.8098290598290598,0.8241758241758241,0.9615384615384616,0.6581196581196581,0.8875739644970414,0.9376287530133685,0.9512199330921451
Gradient boosting,0.1,3,baseline,0.8205128205128205,0.764102564102564,0.7813765182186235,0.9897435897435898,0.5384615384615384,0.8733031674208145,0.9436116589962744,0.9533783143795396
Gradient boosting,0.1,3,recalibrated,0.8493589743589743,0.805982905982906,0.8162393162393162,0.9794871794871794,0.6324786324786325,0.8904428904428905,0.9436116589962744,0.9533783143795396
Gradient boosting,0.1,4,baseline,0.8189102564102564,0.7628205128205128,0.7809330628803245,0.9871794871794872,0.5384615384615384,0.8720271800679502,0.9368397983782599,0.9419874791298558
Gradient boosting,0.1,4,recalibrated,0.8493589743589743,0.811965811965812,0.8259911894273128,0.9615384615384616,0.6623931623931624,0.8886255924170616,0.9368397983782599,0.9419874791298558
Gradient boosting,0.2,0,baseline,0.7836538461538461,0.7123931623931624,0.7437858508604207,0.9974358974358974,0.42735042735042733,0.8521358159912377,0.9349441157133465,0.9483948609245674
Gradient boosting,0.2,0,recalibrated,0.8573717948717948,0.8243589743589743,0.8382022471910112,0.9564102564102565,0.6923076923076923,0.8934131736526946,0.9349441157133465,0.9483948609245674
Gradient boosting,0.2,1,baseline,0.7932692307692307,0.7252136752136752,0.7524177949709865,0.9974358974358974,0.452991452991453,0.8577728776185226,0.9308459346920885,0.9342788755574589
Gradient boosting,0.2,1,recalibrated,0.8733974358974359,0.8491452991452991,0.8641686182669789,0.9461538461538461,0.7521367521367521,0.9033047735618115,0.9308459346920885,0.9342788755574589
Gradient boosting,0.2,2,baseline,0.7692307692307693,0.6957264957264957,0.7338403041825095,0.9897435897435898,0.4017094017094017,0.8427947598253275,0.9344400613631383,0.9502903255251247
Gradient boosting,0.2,2,recalibrated,0.8205128205128205,0.7658119658119659,0.7836734693877551,0.9846153846153847,0.5470085470085471,0.8727272727272727,0.9344400613631383,0.9502903255251247
Gradient boosting,0.2,3,baseline,0.7948717948717948,0.7273504273504273,0.7538759689922481,0.9974358974358974,0.45726495726495725,0.8587196467991169,0.9385492000876616,0.9418220817363169
Gradient boosting,0.2,3,recalibrated,0.8798076923076923,0.8636752136752137,0.8850855745721271,0.9282051282051282,0.7991452991452992,0.9061326658322904,0.9385492000876616,0.9418220817363169
Gradient boosting,0.2,4,baseline,0.7724358974358975,0.6974358974358974,0.7339622641509433,0.9974358974358974,0.3974358974358974,0.8456521739130435,0.9328018847249617,0.9381714584801442
Gradient boosting,0.2,4,recalibrated,0.842948717948718,0.7965811965811966,0.8080168776371308,0.982051282051282,0.6111111111111112,0.8865740740740741,0.9328018847249617,0.9381714584801442
Gradient boosting,0.3,0,baseline,0.7483974358974359,0.6670940170940172,0.7153419593345656,0.9923076923076923,0.3418803418803419,0.8313641245972073,0.9310431733508657,0.9398793223591241
Gradient boosting,0.3,0,recalibrated,0.8798076923076923,0.8568376068376068,0.8705882352941177,0.9487179487179487,0.7649572649572649,0.9079754601226994,0.9310431733508657,0.9398793223591241
Gradient boosting,0.3,1,baseline,0.7467948717948718,0.6632478632478632,0.7124542124542125,0.9974358974358974,0.32905982905982906,0.8311965811965812,0.9337606837606838,0.9452592203060524
Gradient boosting,0.3,1,recalibrated,0.8461538461538461,0.8068376068376069,0.8209606986899564,0.9641025641025641,0.6495726495726496,0.8867924528301887,0.9337606837606838,0.9452592203060524
Gradient boosting,0.3,2,baseline,0.7355769230769231,0.6482905982905983,0.7034358047016275,0.9974358974358974,0.29914529914529914,0.8250265111346765,0.9260574183651107,0.9382548732084247
Gradient boosting,0.3,2,recalibrated,0.8301282051282052,0.7829059829059829,0.79957805907173,0.9717948717948718,0.594017094017094,0.8773148148148148,0.9260574183651107,0.9382548732084247
Gradient boosting,0.3,3,baseline,0.7564102564102564,0.676923076923077,0.7211895910780669,0.9948717948717949,0.358974358974359,0.8362068965517241,0.9346482577251808,0.9469114173530451
Gradient boosting,0.3,3,recalibrated,0.8301282051282052,0.7786324786324786,0.7933884297520661,0.9846153846153847,0.5726495726495726,0.8787185354691075,0.9346482577251808,0.9469114173530451
Gradient boosting,0.3,4,baseline,0.7516025641025641,0.6713675213675214,0.7179962894248608,0.9923076923076923,0.3504273504273504,0.8331539289558665,0.9344071882533421,0.9498390143182641
Gradient boosting,0.3,4,recalibrated,0.8541666666666666,0.8115384615384615,0.8201284796573876,0.982051282051282,0.6410256410256411,0.8938156359393232,0.9344071882533421,0.9498390143182641
Gradient boosting,0.4,0,baseline,0.7147435897435898,0.6196581196581197,0.6866197183098591,1.0,0.23931623931623933,0.81419624217119,0.9294652640806487,0.9362927550296902
Gradient boosting,0.4,0,recalibrated,0.844551282051282,0.808974358974359,0.8262806236080178,0.9512820512820512,0.6666666666666666,0.8843861740166865,0.9294652640806487,0.9362927550296902
Gradient boosting,0.4,1,baseline,0.719551282051282,0.6260683760683761,0.6902654867256637,1.0,0.25213675213675213,0.8167539267015707,0.937146614069691,0.9415538653070895
Gradient boosting,0.4,1,recalibrated,0.8846153846153846,0.8692307692307693,0.8897058823529411,0.9307692307692308,0.8076923076923077,0.9097744360902256,0.937146614069691,0.9415538653070895
Gradient boosting,0.4,2,baseline,0.717948717948718,0.6247863247863248,0.6897163120567376,0.9974358974358974,0.25213675213675213,0.8155136268343816,0.9273065965373659,0.9383013841033645
Gradient boosting,0.4,2,recalibrated,0.8381410256410257,0.7918803418803418,0.8054968287526427,0.9769230769230769,0.6068376068376068,0.8829663962920047,0.9273065965373659,0.9383013841033645
Gradient boosting,0.4,3,baseline,0.7147435897435898,0.6213675213675214,0.6879432624113475,0.9948717948717949,0.24786324786324787,0.8134171907756813,0.9398860398860399,0.9515373545394578
Gradient boosting,0.4,3,recalibrated,0.8477564102564102,0.8021367521367522,0.8118393234672304,0.9846153846153847,0.6196581196581197,0.8899188876013905,0.9398860398860399,0.9515373545394578
Gradient boosting,0.4,4,baseline,0.719551282051282,0.6260683760683761,0.6902654867256637,1.0,0.25213675213675213,0.8167539267015707,0.9377712031558185,0.9456609142297165
Gradient boosting,0.4,4,recalibrated,0.8846153846153846,0.8735042735042735,0.8994974874371859,0.9179487179487179,0.8290598290598291,0.9086294416243654,0.9377712031558185,0.9456609142297165
Gradient boosting,0.0,0,robust,0.8237179487179487,0.7735042735042734,0.7916666666666666,0.9743589743589743,0.5726495726495726,0.8735632183908046,0.9315088757396449,0.9551642602296513
Gradient boosting,0.05,0,robust,0.8044871794871795,0.7478632478632479,0.7723577235772358,0.9743589743589743,0.5213675213675214,0.8616780045351474,0.9274161735700197,0.9500967858405535
Gradient boosting,0.05,1,robust,0.8044871794871795,0.7461538461538462,0.7701612903225806,0.9794871794871794,0.5128205128205128,0.8623024830699775,0.9321772956388341,0.9521555108626958
Gradient boosting,0.05,2,robust,0.7996794871794872,0.7414529914529915,0.7676767676767676,0.9743589743589743,0.5085470085470085,0.8587570621468926,0.9265012053473592,0.9495984337182206
Gradient boosting,0.05,3,robust,0.8092948717948718,0.7551282051282051,0.7782340862422998,0.9717948717948718,0.5384615384615384,0.8643101482326112,0.9322211264518957,0.9515956515472364
Gradient boosting,0.05,4,robust,0.7964743589743589,0.7354700854700854,0.7624750499001997,0.9794871794871794,0.49145299145299143,0.8574635241301908,0.930982905982906,0.9541461597250896
Gradient boosting,0.1,0,robust,0.7836538461538461,0.7175213675213675,0.7495107632093934,0.982051282051282,0.452991452991453,0.8501664816870145,0.9247260574183651,0.9487216452692766
Gradient boosting,0.1,1,robust,0.7900641025641025,0.7252136752136753,0.7544204322200393,0.9846153846153847,0.4658119658119658,0.8542825361512792,0.9268792461100154,0.949406296403252
Gradient boosting,0.1,2,robust,0.7852564102564102,0.7188034188034188,0.75,0.9846153846153847,0.452991452991453,0.8514412416851441,0.9259916721455183,0.951624290853687
Gradient boosting,0.1,3,robust,0.7964743589743589,0.7346153846153846,0.7614314115308151,0.982051282051282,0.48717948717948717,0.8577827547592385,0.9292351523120755,0.9502747119323112
Gradient boosting,0.1,4,robust,0.7868589743589743,0.7226495726495726,0.7534516765285996,0.9794871794871794,0.4658119658119658,0.8517279821627648,0.9315307911461758,0.9510092740653623
Gradient boosting,0.2,0,robust,0.7788461538461539,0.7076923076923077,0.7413793103448276,0.9923076923076923,0.4230769230769231,0.8486842105263158,0.9303911900065747,0.9493497107198733
Gradient boosting,0.2,1,robust,0.7724358974358975,0.7,0.7366412213740458,0.9897435897435898,0.41025641025641024,0.8446389496717724,0.9282160859083936,0.9470341864050613
Gradient boosting,0.2,2,robust,0.7580128205128205,0.6824786324786325,0.725897920604915,0.9846153846153847,0.3803418803418803,0.8356909684439608,0.9259642778873549,0.9465018739041057
Gradient boosting,0.2,3,robust,0.7660256410256411,0.6905982905982906,0.730188679245283,0.9923076923076923,0.3888888888888889,0.841304347826087,0.9279585798816568,0.9478402112962978
Gradient boosting,0.2,4,robust,0.7676282051282052,0.6944444444444444,0.7333333333333333,0.9871794871794872,0.4017094017094017,0.8415300546448088,0.927975016436555,0.9462714793005358
Gradient boosting,0.3,0,robust,0.7387820512820513,0.6534188034188034,0.7067395264116576,0.9948717948717949,0.31196581196581197,0.8264110756123536,0.9249780845934692,0.9451091162654297
Gradient boosting,0.3,1,robust,0.7355769230769231,0.6491452991452992,0.7041742286751361,0.9948717948717949,0.3034188034188034,0.824654622741764,0.9217619986850756,0.9439069605796441
Gradient boosting,0.3,2,robust,0.7323717948717948,0.6431623931623931,0.7001795332136446,1.0,0.2863247863247863,0.8236536430834214,0.9205237782160859,0.9408912280732264
Gradient boosting,0.3,3,robust,0.7371794871794872,0.6504273504273504,0.7047101449275363,0.9974358974358974,0.3034188034188034,0.8259023354564756,0.9271203155818539,0.9460146629255017
Gradient boosting,0.3,4,robust,0.7483974358974359,0.6662393162393163,0.714548802946593,0.9948717948717949,0.33760683760683763,0.8317256162915327,0.9305391190006574,0.9472792476255554
Gradient boosting,0.4,0,robust,0.7035256410256411,0.6047008547008547,0.6782608695652174,1.0,0.2094017094017094,0.8082901554404145,0.9289338154722772,0.9477876217051936
Gradient boosting,0.4,1,robust,0.7019230769230769,0.6025641025641025,0.6770833333333334,1.0,0.20512820512820512,0.8074534161490683,0.9301008108700417,0.943358089559504
Gradient boosting,0.4,2,robust,0.7083333333333334,0.6111111111111112,0.6818181818181818,1.0,0.2222222222222222,0.8108108108108109,0.9207538899846592,0.9431127870725389
Gradient boosting,0.4,3,robust,0.7131410256410257,0.6175213675213675,0.6854130052724078,1.0,0.23504273504273504,0.8133472367049009,0.9246877054569363,0.9402441120186145
Gradient boosting,0.4,4,robust,0.7131410256410257,0.6175213675213675,0.6854130052724078,1.0,0.23504273504273504,0.8133472367049009,0.9204306377383301,0.942509315239124
RBF-SVM,0.0,0,baseline,0.8573717948717948,0.8123931623931624,0.8181818181818182,0.9923076923076923,0.6324786324786325,0.8968713789107764,0.9473372781065089,0.9608785311049295
RBF-SVM,0.0,0,recalibrated,0.8717948717948718,0.8316239316239316,0.834051724137931,0.9923076923076923,0.6709401709401709,0.9063231850117096,0.9473372781065089,0.9608785311049295
RBF-SVM,0.05,0,baseline,0.842948717948718,0.7923076923076924,0.8016528925619835,0.9948717948717949,0.5897435897435898,0.8878718535469108,0.9439842209072979,0.9582020937825249
RBF-SVM,0.05,0,recalibrated,0.8862179487179487,0.8585470085470086,0.8649885583524027,0.9692307692307692,0.7478632478632479,0.9141475211608222,0.9439842209072979,0.9582020937825249
RBF-SVM,0.05,1,baseline,0.8477564102564102,0.7995726495726496,0.8079331941544885,0.9923076923076923,0.6068376068376068,0.8906789413118527,0.9454525531448608,0.9591443627445415
RBF-SVM,0.05,1,recalibrated,0.8701923076923077,0.8311965811965812,0.8351409978308026,0.9871794871794872,0.6752136752136753,0.9048178613396005,0.9454525531448608,0.9591443627445415
RBF-SVM,0.05,2,baseline,0.8461538461538461,0.7974358974358975,0.80625,0.9923076923076923,0.6025641025641025,0.8896551724137931,0.9477865439403902,0.9608478895384782
RBF-SVM,0.05,2,recalibrated,0.8653846153846154,0.8239316239316239,0.8283261802575107,0.9897435897435898,0.6581196581196581,0.9018691588785047,0.9477865439403902,0.9608478895384782
RBF-SVM,0.05,3,baseline,0.8557692307692307,0.8102564102564103,0.8164556962025317,0.9923076923076923,0.6282051282051282,0.8958333333333334,0.9458251150558843,0.9598062302251191
RBF-SVM,0.05,3,recalibrated,0.8701923076923077,0.8320512820512821,0.8366013071895425,0.9846153846153847,0.6794871794871795,0.9045936395759717,0.9458251150558843,0.9598062302251191
RBF-SVM,0.05,4,baseline,0.8493589743589743,0.8017094017094017,0.8096234309623431,0.9923076923076923,0.6111111111111112,0.8917050691244239,0.9491452991452991,0.9619608582110543
RBF-SVM,0.05,4,recalibrated,0.8397435897435898,0.7880341880341881,0.7983539094650206,0.9948717948717949,0.5811965811965812,0.8858447488584474,0.9491452991452991,0.9619608582110543
RBF-SVM,0.1,0,baseline,0.8381410256410257,0.7858974358974359,0.7967145790554415,0.9948717948717949,0.5769230769230769,0.8848346636259977,0.941496822266053,0.9555906643365553
RBF-SVM,0.1,0,recalibrated,0.8846153846153846,0.8547008547008548,0.8597285067873304,0.9743589743589743,0.7350427350427351,0.9134615384615384,0.941496822266053,0.9555906643365553
RBF-SVM,0.1,1,baseline,0.8477564102564102,0.7995726495726496,0.8079331941544885,0.9923076923076923,0.6068376068376068,0.8906789413118527,0.9466031119877274,0.959085796634706
RBF-SVM,0.1,1,recalibrated,0.8878205128205128,0.8564102564102564,0.8587443946188341,0.982051282051282,0.7307692307692307,0.916267942583732,0.9466031119877274,0.959085796634706
RBF-SVM,0.1,2,baseline,0.8397435897435898,0.788888888888889,0.7995867768595041,0.9923076923076923,0.5854700854700855,0.88558352402746,0.9428884505807582,0.9575934810921695
RBF-SVM,0.1,2,recalibrated,0.8701923076923077,0.8311965811965812,0.8351409978308026,0.9871794871794872,0.6752136752136753,0.9048178613396005,0.9428884505807582,0.9575934810921695
RBF-SVM,0.1,3,baseline,0.8477564102564102,0.7987179487179488,0.8066528066528067,0.9948717948717949,0.6025641025641025,0.8909299655568312,0.947589305281613,0.9607124433657053
RBF-SVM,0.1,3,recalibrated,0.8814102564102564,0.8470085470085471,0.8495575221238938,0.9846153846153847,0.7094017094017094,0.9121140142517815,0.947589305281613,0.9607124433657053
RBF-SVM,0.1,4,baseline,0.842948717948718,0.7940170940170941,0.8041666666666667,0.9897435897435898,0.5982905982905983,0.8873563218390804,0.9465592811746658,0.9596262570877884
RBF-SVM,0.1,4,recalibrated,0.8798076923076923,0.8457264957264957,0.8492239467849224,0.982051282051282,0.7094017094017094,0.9108204518430439,0.9465592811746658,0.9596262570877884
RBF-SVM,0.2,0,baseline,0.8173076923076923,0.7589743589743589,0.7771084337349398,0.9923076923076923,0.5256410256410257,0.8716216216216216,0.9396997589305282,0.9523203107195444
RBF-SVM,0.2,0,recalibrated,0.8717948717948718,0.8358974358974358,0.8414096916299559,0.9794871794871794,0.6923076923076923,0.9052132701421801,0.9396997589305282,0.9523203107195444
RBF-SVM,0.2,1,baseline,0.8108974358974359,0.7487179487179487,0.7687747035573123,0.9974358974358974,0.5,0.8683035714285714,0.9430528161297391,0.9553578352206629
RBF-SVM,0.2,1,recalibrated,0.8942307692307693,0.8666666666666667,0.8698630136986302,0.9769230769230769,0.7564102564102564,0.9202898550724637,0.9430528161297391,0.9553578352206629
RBF-SVM,0.2,2,baseline,0.8253205128205128,0.7696581196581197,0.7849898580121704,0.9923076923076923,0.5470085470085471,0.8765571913929785,0.9421542844619768,0.9587545604514877
RBF-SVM,0.2,2,recalibrated,0.8990384615384616,0.8756410256410256,0.8811188811188811,0.9692307692307692,0.782051282051282,0.9230769230769231,0.9421542844619768,0.9587545604514877
RBF-SVM,0.2,3,baseline,0.8317307692307693,0.7764957264957265,0.7890466531440162,0.9974358974358974,0.5555555555555556,0.8810872027180068,0.9508108700416393,0.9635710506772166
RBF-SVM,0.2,3,recalibrated,0.8894230769230769,0.8611111111111112,0.8656036446469249,0.9743589743589743,0.7478632478632479,0.916767189384801,0.9508108700416393,0.9635710506772166
RBF-SVM,0.2,4,baseline,0.8173076923076923,0.7589743589743589,0.7771084337349398,0.9923076923076923,0.5256410256410257,0.8716216216216216,0.9424172693403463,0.9555093799308128
RBF-SVM,0.2,4,recalibrated,0.8958333333333334,0.8688034188034188,0.8718535469107551,0.9769230769230769,0.7606837606837606,0.9214026602176542,0.9424172693403463,0.9555093799308128
RBF-SVM,0.3,0,baseline,0.7996794871794872,0.7346153846153847,0.7592954990215264,0.9948717948717949,0.47435897435897434,0.8612652608213096,0.9444663598509753,0.9559544939799853
RBF-SVM,0.3,0,recalibrated,0.9022435897435898,0.8799145299145299,0.8852459016393442,0.9692307692307692,0.7905982905982906,0.9253365973072215,0.9444663598509753,0.9559544939799853
RBF-SVM,0.3,1,baseline,0.7884615384615384,0.7196581196581197,0.749034749034749,0.9948717948717949,0.4444444444444444,0.8546255506607929,0.9347687924611001,0.9511558970601904
RBF-SVM,0.3,1,recalibrated,0.8669871794871795,0.8329059829059828,0.8418708240534521,0.9692307692307692,0.6965811965811965,0.901072705601907,0.9347687924611001,0.9511558970601904
RBF-SVM,0.3,2,baseline,0.7756410256410257,0.7008547008547008,0.7358490566037735,1.0,0.4017094017094017,0.8478260869565217,0.9250054788516326,0.9405134400892149
RBF-SVM,0.3,2,recalibrated,0.8685897435897436,0.835042735042735,0.84375,0.9692307692307692,0.7008547008547008,0.9021479713603818,0.9250054788516326,0.9405134400892149
RBF-SVM,0.3,3,baseline,0.7884615384615384,0.7188034188034188,0.7480769230769231,0.9974358974358974,0.44017094017094016,0.8549450549450549,0.9311746657900504,0.9434035341881697
RBF-SVM,0.3,3,recalibrated,0.8766025641025641,0.8448717948717949,0.851685393258427,0.9717948717948718,0.717948717948718,0.9077844311377246,0.9311746657900504,0.9434035341881697
RBF-SVM,0.3,4,baseline,0.8044871794871795,0.7401709401709402,0.7627450980392156,0.9974358974358974,0.4829059829059829,0.8644444444444445,0.9454635108481263,0.9614160936189419
RBF-SVM,0.3,4,recalibrated,0.8926282051282052,0.8747863247863248,0.8891566265060241,0.9461538461538461,0.8034188034188035,0.9167701863354037,0.9454635108481263,0.9614160936189419
RBF-SVM,0.4,0,baseline,0.75,0.6675213675213676,0.7150735294117647,0.9974358974358974,0.33760683760683763,0.8329764453961456,0.9157790927021696,0.939485182591828
RBF-SVM,0.4,0,recalibrated,0.8525641025641025,0.8153846153846154,0.8281938325991189,0.9641025641025641,0.6666666666666666,0.8909952606635071,0.9157790927021696,0.939485182591828
RBF-SVM,0.4,1,baseline,0.7548076923076923,0.6747863247863248,0.7198515769944341,0.9948717948717949,0.3547008547008547,0.8353067814854682,0.9390532544378698,0.9537992878073421
RBF-SVM,0.4,1,recalibrated,0.8846153846153846,0.852991452991453,0.8565022421524664,0.9794871794871794,0.7264957264957265,0.9138755980861244,0.9390532544378698,0.9537992878073421
RBF-SVM,0.4,2,baseline,0.7451923076923077,0.6602564102564102,0.7103825136612022,1.0,0.32051282051282054,0.8306709265175719,0.941135218058295,0.9585138593673306
RBF-SVM,0.4,2,recalibrated,0.8541666666666666,0.8123931623931624,0.821505376344086,0.9794871794871794,0.6452991452991453,0.8935672514619883,0.941135218058295,0.9585138593673306
RBF-SVM,0.4,3,baseline,0.7147435897435898,0.6205128205128205,0.6872791519434629,0.9974358974358974,0.24358974358974358,0.8138075313807531,0.9366644751260137,0.9546903100004018
RBF-SVM,0.4,3,recalibrated,0.8605769230769231,0.8243589743589743,0.8344370860927153,0.9692307692307692,0.6794871794871795,0.896797153024911,0.9366644751260137,0.9546903100004018
RBF-SVM,0.4,4,baseline,0.7467948717948718,0.6632478632478632,0.7124542124542125,0.9974358974358974,0.32905982905982906,0.8311965811965812,0.9353824238439623,0.9497435196058289
RBF-SVM,0.4,4,recalibrated,0.8733974358974359,0.8405982905982906,0.8478747203579419,0.9717948717948718,0.7094017094017094,0.9056152927120669,0.9353824238439623,0.9497435196058289
RBF-SVM,0.0,0,robust,0.8413461538461539,0.7927350427350428,0.8037578288100209,0.9871794871794872,0.5982905982905983,0.8860759493670886,0.9464825772518081,0.9612074972102186
RBF-SVM,0.05,0,robust,0.8301282051282052,0.7769230769230769,0.7909836065573771,0.9897435897435898,0.5641025641025641,0.8792710706150342,0.9442691211921981,0.9593681086011734
RBF-SVM,0.05,1,robust,0.8317307692307693,0.7782051282051282,0.7914110429447853,0.9923076923076923,0.5641025641025641,0.8805460750853242,0.9461428884505807,0.9606144035768805
RBF-SVM,0.05,2,robust,0.8317307692307693,0.7790598290598291,0.7926078028747433,0.9897435897435898,0.5683760683760684,0.8802736602052451,0.9458031996493534,0.9605722283712509
RBF-SVM,0.05,3,robust,0.8381410256410257,0.7867521367521368,0.797938144329897,0.9923076923076923,0.5811965811965812,0.8845714285714286,0.9465373657681351,0.9607983419362534
RBF-SVM,0.05,4,robust,0.8397435897435898,0.788888888888889,0.7995867768595041,0.9923076923076923,0.5854700854700855,0.88558352402746,0.9478303747534517,0.9620371122197117
RBF-SVM,0.1,0,robust,0.8237179487179487,0.7675213675213675,0.7834008097165992,0.9923076923076923,0.5427350427350427,0.8755656108597285,0.9443239097085251,0.9590187530971717
RBF-SVM,0.1,1,robust,0.8189102564102564,0.7611111111111111,0.778672032193159,0.9923076923076923,0.5299145299145299,0.8726042841037204,0.9468222660530352,0.9606662723364825
RBF-SVM,0.1,2,robust,0.8221153846153846,0.7653846153846153,0.7818181818181819,0.9923076923076923,0.5384615384615384,0.8745762711864407,0.9447841332456717,0.9594413150522896
RBF-SVM,0.1,3,robust,0.8269230769230769,0.7717948717948718,0.7865853658536586,0.9923076923076923,0.5512820512820513,0.8775510204081632,0.9459456497918036,0.9599788949128485
RBF-SVM,0.1,4,robust,0.8301282051282052,0.7752136752136752,0.7886178861788617,0.9948717948717949,0.5555555555555556,0.8798185941043084,0.9492329607714224,0.9630664281501926
RBF-SVM,0.2,0,robust,0.8060897435897436,0.7431623931623932,0.7652859960552268,0.9948717948717949,0.49145299145299143,0.8651059085841695,0.943710278325663,0.9584000058973787
RBF-SVM,0.2,1,robust,0.7868589743589743,0.7183760683760684,0.7485493230174082,0.9923076923076923,0.4444444444444444,0.8533627342888643,0.9420008766162613,0.956094761808871
RBF-SVM,0.2,2,robust,0.7932692307692307,0.726068376068376,0.7533980582524272,0.9948717948717949,0.45726495726495725,0.8574585635359117,0.9427240850317773,0.9600689561682101
RBF-SVM,0.2,3,robust,0.8028846153846154,0.7388888888888889,0.762278978388998,0.9948717948717949,0.4829059829059829,0.8631813125695217,0.9469208853824238,0.9618200538965469
RBF-SVM,0.2,4,robust,0.8060897435897436,0.7431623931623932,0.7652859960552268,0.9948717948717949,0.49145299145299143,0.8651059085841695,0.9451786105632259,0.9598567282413337
RBF-SVM,0.3,0,robust,0.7724358974358975,0.6982905982905983,0.7348484848484849,0.9948717948717949,0.4017094017094017,0.8453159041394336,0.9434692088538243,0.9592893628756622
RBF-SVM,0.3,1,robust,0.7387820512820513,0.6534188034188034,0.7067395264116576,0.9948717948717949,0.31196581196581197,0.8264110756123536,0.9357878588647819,0.9538790925706275
RBF-SVM,0.3,2,robust,0.7596153846153846,0.6811965811965812,0.7238805970149254,0.9948717948717949,0.36752136752136755,0.838012958963283,0.9379026955950034,0.9540196296188735
RBF-SVM,0.3,3,robust,0.7692307692307693,0.694017094017094,0.7320754716981132,0.9948717948717949,0.39316239316239315,0.8434782608695652,0.9403353057199212,0.9549278747062424
RBF-SVM,0.3,4,robust,0.7483974358974359,0.6662393162393163,0.714548802946593,0.9948717948717949,0.33760683760683763,0.8317256162915327,0.9402038132807363,0.9586676428296702
RBF-SVM,0.4,0,robust,0.6955128205128205,0.594017094017094,0.6724137931034483,1.0,0.18803418803418803,0.8041237113402062,0.9242822704361167,0.9445794696976937
RBF-SVM,0.4,1,robust,0.6955128205128205,0.594017094017094,0.6724137931034483,1.0,0.18803418803418803,0.8041237113402062,0.9346920885382425,0.9514518526766782
RBF-SVM,0.4,2,robust,0.6939102564102564,0.5918803418803419,0.6712564543889845,1.0,0.18376068376068377,0.8032955715756952,0.9397326320403244,0.9562286789070527
RBF-SVM,0.4,3,robust,0.6907051282051282,0.5876068376068376,0.6689536878216124,1.0,0.1752136752136752,0.8016443987667009,0.9413214990138067,0.9573087646853082
RBF-SVM,0.4,4,robust,0.7067307692307693,0.6098290598290599,0.681260945709282,0.9974358974358974,0.2222222222222222,0.809573361082206,0.9378588647819417,0.955092538771255
LogReg,0.0,0,baseline,0.8365384615384616,0.7871794871794873,0.8,0.9846153846153847,0.5897435897435898,0.8827586206896552,0.9234385272846811,0.9243014595515253
LogReg,0.0,0,recalibrated,0.8653846153846154,0.8367521367521367,0.8509174311926605,0.9512820512820512,0.7222222222222222,0.8983050847457628,0.9234385272846811,0.9243014595515253
LogReg,0.05,0,baseline,0.8237179487179487,0.7675213675213675,0.7834008097165992,0.9923076923076923,0.5427350427350427,0.8755656108597285,0.9218167872014027,0.9231637181475452
LogReg,0.05,0,recalibrated,0.8637820512820513,0.8311965811965811,0.8426966292134831,0.9615384615384616,0.7008547008547008,0.8982035928143712,0.9218167872014027,0.9231637181475452
LogReg,0.05,1,baseline,0.8285256410256411,0.773931623931624,0.7881873727087576,0.9923076923076923,0.5555555555555556,0.8785471055618616,0.9236248082401929,0.9251835730240718
LogReg,0.05,1,recalibrated,0.8653846153846154,0.8358974358974359,0.8493150684931506,0.9538461538461539,0.717948717948718,0.8985507246376812,0.9236248082401929,0.9251835730240718
LogReg,0.05,2,baseline,0.8221153846153846,0.7653846153846153,0.7818181818181819,0.9923076923076923,0.5384615384615384,0.8745762711864407,0.9219592373438528,0.9230874027519475
LogReg,0.05,2,recalibrated,0.8685897435897436,0.8444444444444444,0.8615023474178404,0.941025641025641,0.7478632478632479,0.8995098039215687,0.9219592373438528,0.9230874027519475
LogReg,0.05,3,baseline,0.8237179487179487,0.7692307692307693,0.7857142857142857,0.9871794871794872,0.5512820512820513,0.875,0.9240740740740742,0.9244141500818918
LogReg,0.05,3,recalibrated,0.8733974358974359,0.8465811965811967,0.859122401847575,0.9538461538461539,0.7393162393162394,0.9040097205346294,0.9240740740740742,0.9244141500818918
LogReg,0.05,4,baseline,0.8269230769230769,0.7726495726495727,0.7877551020408163,0.9897435897435898,0.5555555555555556,0.8772727272727273,0.9236357659434583,0.9249967353602211
LogReg,0.05,4,recalibrated,0.8669871794871795,0.8397435897435896,0.8545034642032333,0.9487179487179487,0.7307692307692307,0.8991494532199271,0.9236357659434583,0.9249967353602211
LogReg,0.1,0,baseline,0.8044871794871795,0.7418803418803419,0.7648221343873518,0.9923076923076923,0.49145299145299143,0.8638392857142857,0.9191869384177076,0.9195426811518017
LogReg,0.1,0,recalibrated,0.8621794871794872,0.8273504273504273,0.8377777777777777,0.9666666666666667,0.688034188034188,0.8976190476190476,0.9191869384177076,0.9195426811518017
LogReg,0.1,1,baseline,0.8060897435897436,0.744017094017094,0.7663366336633664,0.9923076923076923,0.49572649572649574,0.864804469273743,0.9240083278544817,0.925398170564735
LogReg,0.1,1,recalibrated,0.8637820512820513,0.8337606837606838,0.8473804100227791,0.9538461538461539,0.7136752136752137,0.8974668275030157,0.9240083278544817,0.925398170564735
LogReg,0.1,2,baseline,0.7996794871794872,0.7354700854700855,0.7603143418467584,0.9923076923076923,0.47863247863247865,0.8609566184649611,0.9195485426254657,0.9200630307219582
LogReg,0.1,2,recalibrated,0.8605769230769231,0.826068376068376,0.8374164810690423,0.9641025641025641,0.688034188034188,0.8963051251489869,0.9195485426254657,0.9200630307219582
LogReg,0.1,3,baseline,0.8060897435897436,0.7431623931623932,0.7652859960552268,0.9948717948717949,0.49145299145299143,0.8651059085841695,0.9207867630944554,0.9221080550407585
LogReg,0.1,3,recalibrated,0.8621794871794872,0.829059829059829,0.8408071748878924,0.9615384615384616,0.6965811965811965,0.8971291866028708,0.9207867630944554,0.9221080550407585
LogReg,0.1,4,baseline,0.8108974358974359,0.7504273504273504,0.7709163346613546,0.9923076923076923,0.5085470085470085,0.8677130044843049,0.9263532763532764,0.9268374509034556
LogReg,0.1,4,recalibrated,0.8798076923076923,0.8525641025641026,0.8620689655172413,0.9615384615384616,0.7435897435897436,0.9090909090909091,0.9263532763532764,0.9268374509034556
LogReg,0.2,0,baseline,0.7756410256410257,0.7008547008547008,0.7358490566037735,1.0,0.4017094017094017,0.8478260869565217,0.9183212798597413,0.9183315964642118
LogReg,0.2,0,recalibrated,0.8605769230769231,0.8311965811965811,0.8466819221967964,0.9487179487179487,0.7136752136752137,0.8948004836759371,0.9183212798597413,0.9183315964642118
LogReg,0.2,1,baseline,0.7772435897435898,0.7029914529914529,0.7372400756143668,1.0,0.405982905982906,0.8487486398258978,0.9191650230111769,0.9226464480215246
LogReg,0.2,1,recalibrated,0.8573717948717948,0.8192307692307692,0.8293216630196937,0.9717948717948718,0.6666666666666666,0.8949232585596222,0.9191650230111769,0.9226464480215246
LogReg,0.2,2,baseline,0.7708333333333334,0.6952991452991453,0.7325800376647834,0.9974358974358974,0.39316239316239315,0.8447339847991314,0.9214990138067061,0.9254223247622033
LogReg,0.2,2,recalibrated,0.8573717948717948,0.8217948717948718,0.8337028824833703,0.9641025641025641,0.6794871794871795,0.8941736028537456,0.9214990138067061,0.9254223247622033
LogReg,0.2,3,baseline,0.7756410256410257,0.7025641025641025,0.7376425855513308,0.9948717948717949,0.41025641025641024,0.8471615720524017,0.9244575936883629,0.9273548930962594
LogReg,0.2,3,recalibrated,0.8653846153846154,0.8358974358974359,0.8493150684931506,0.9538461538461539,0.717948717948718,0.8985507246376812,0.9244575936883629,0.9273548930962594
LogReg,0.2,4,baseline,0.7772435897435898,0.7029914529914529,0.7372400756143668,1.0,0.405982905982906,0.8487486398258978,0.9216305062458909,0.9227268758146874
LogReg,0.2,4,recalibrated,0.8717948717948718,0.847008547008547,0.8621495327102804,0.9461538461538461,0.7478632478632479,0.902200488997555,0.9216305062458909,0.9227268758146874
LogReg,0.3,0,baseline,0.7403846153846154,0.6538461538461539,0.7065217391304348,1.0,0.3076923076923077,0.8280254777070064,0.9226276572430419,0.9248138576351199
LogReg,0.3,0,recalibrated,0.8589743589743589,0.8222222222222222,0.8325991189427313,0.9692307692307692,0.6752136752136753,0.8957345971563981,0.9226276572430419,0.9248138576351199
LogReg,0.3,1,baseline,0.7307692307692307,0.641025641025641,0.6989247311827957,1.0,0.28205128205128205,0.8227848101265823,0.9134231865001096,0.9179332480708329
LogReg,0.3,1,recalibrated,0.8509615384615384,0.8081196581196581,0.8179871520342612,0.9794871794871794,0.6367521367521367,0.8914819136522754,0.9134231865001096,0.9179332480708329
LogReg,0.3,2,baseline,0.7355769230769231,0.6474358974358975,0.7027027027027027,1.0,0.2948717948717949,0.8253968253968254,0.920304624150778,0.9209233800089873
LogReg,0.3,2,recalibrated,0.8605769230769231,0.8311965811965811,0.8466819221967964,0.9487179487179487,0.7136752136752137,0.8948004836759371,0.920304624150778,0.9209233800089873
LogReg,0.3,3,baseline,0.7387820512820513,0.6517094017094017,0.705244122965642,1.0,0.3034188034188034,0.8271474019088016,0.9242274819197897,0.924749670648332
LogReg,0.3,3,recalibrated,0.8669871794871795,0.8303418803418803,0.8373626373626374,0.9769230769230769,0.6837606837606838,0.901775147928994,0.9242274819197897,0.924749670648332
LogReg,0.3,4,baseline,0.7371794871794872,0.6495726495726496,0.703971119133574,1.0,0.29914529914529914,0.826271186440678,0.9207867630944554,0.9236736588307222
LogReg,0.3,4,recalibrated,0.8589743589743589,0.8273504273504273,0.8416289592760181,0.9538461538461539,0.7008547008547008,0.8942307692307693,0.9207867630944554,0.9236736588307222
LogReg,0.4,0,baseline,0.6939102564102564,0.5918803418803419,0.6712564543889845,1.0,0.18376068376068377,0.8032955715756952,0.9163927240850318,0.9178217397004926
LogReg,0.4,0,recalibrated,0.8653846153846154,0.8316239316239316,0.8415178571428571,0.9666666666666667,0.6965811965811965,0.8997613365155132,0.9163927240850318,0.9178217397004926
LogReg,0.4,1,baseline,0.6923076923076923,0.5897435897435898,0.6701030927835051,1.0,0.1794871794871795,0.8024691358024691,0.9240412009642779,0.9241949119273793
LogReg,0.4,1,recalibrated,0.8557692307692307,0.8136752136752137,0.8218884120171673,0.982051282051282,0.6452991452991453,0.8948598130841121,0.9240412009642779,0.9241949119273793
LogReg,0.4,2,baseline,0.6939102564102564,0.5918803418803419,0.6712564543889845,1.0,0.18376068376068377,0.8032955715756952,0.9239754547446855,0.9263955403879812
LogReg,0.4,2,recalibrated,0.8653846153846154,0.8316239316239316,0.8415178571428571,0.9666666666666667,0.6965811965811965,0.8997613365155132,0.9239754547446855,0.9263955403879812
LogReg,0.4,3,baseline,0.6907051282051282,0.5876068376068376,0.6689536878216124,1.0,0.1752136752136752,0.8016443987667009,0.9260026298487837,0.9287164347403997
LogReg,0.4,3,recalibrated,0.8669871794871795,0.8311965811965811,0.8388520971302428,0.9743589743589743,0.688034188034188,0.9015421115065243,0.9260026298487837,0.9287164347403997
LogReg,0.4,4,baseline,0.7051282051282052,0.6068376068376068,0.6794425087108014,1.0,0.21367521367521367,0.8091286307053942,0.9216743370589524,0.9245525024823557
LogReg,0.4,4,recalibrated,0.8605769230769231,0.8243589743589743,0.8344370860927153,0.9692307692307692,0.6794871794871795,0.896797153024911,0.9216743370589524,0.9245525024823557
LogReg,0.0,0,robust,0.8221153846153846,0.767948717948718,0.7852760736196319,0.9846153846153847,0.5512820512820513,0.8737201365187713,0.9195266272189349,0.9257522814101293
LogReg,0.05,0,robust,0.8028846153846154,0.7414529914529915,0.7654075546719682,0.9871794871794872,0.49572649572649574,0.8622620380739082,0.919055445978523,0.9250900940213467
LogReg,0.05,1,robust,0.8044871794871795,0.7427350427350428,0.7658730158730159,0.9897435897435898,0.49572649572649574,0.8635346756152126,0.919307473153627,0.9255612529331346
LogReg,0.05,2,robust,0.8028846153846154,0.7414529914529915,0.7654075546719682,0.9871794871794872,0.49572649572649574,0.8622620380739082,0.9188691650230112,0.9247096451933254
LogReg,0.05,3,robust,0.8012820512820513,0.7393162393162394,0.7638888888888888,0.9871794871794872,0.49145299145299143,0.8612975391498882,0.9198115275038352,0.9255260733515859
LogReg,0.05,4,robust,0.8012820512820513,0.7393162393162394,0.7638888888888888,0.9871794871794872,0.49145299145299143,0.8612975391498882,0.9190664036817884,0.9251352939648816
LogReg,0.1,0,robust,0.7884615384615384,0.7196581196581197,0.749034749034749,0.9948717948717949,0.4444444444444444,0.8546255506607929,0.9174994521148367,0.9231570473466896
LogReg,0.1,1,robust,0.7884615384615384,0.7196581196581197,0.749034749034749,0.9948717948717949,0.4444444444444444,0.8546255506607929,0.919471838702608,0.925983131716626
LogReg,0.1,2,robust,0.7836538461538461,0.7123931623931624,0.7437858508604207,0.9974358974358974,0.42735042735042733,0.8521358159912377,0.9172035941266711,0.9234143310998483
LogReg,0.1,3,robust,0.7836538461538461,0.7132478632478633,0.744721689059501,0.9948717948717949,0.43162393162393164,0.8518111964873765,0.917784352399737,0.9236617095036359
LogReg,0.1,4,robust,0.7900641025641025,0.7217948717948718,0.7504835589941973,0.9948717948717949,0.44871794871794873,0.8555678059536935,0.9208086785009862,0.9260210341428565
LogReg,0.2,0,robust,0.7548076923076923,0.6730769230769231,0.7182320441988951,1.0,0.34615384615384615,0.8360128617363344,0.9169625246548324,0.9235322482851179
LogReg,0.2,1,robust,0.7548076923076923,0.6730769230769231,0.7182320441988951,1.0,0.34615384615384615,0.8360128617363344,0.9172035941266711,0.9246012160009163
LogReg,0.2,2,robust,0.7483974358974359,0.6645299145299145,0.7129798903107861,1.0,0.32905982905982906,0.8324439701173959,0.9168091168091168,0.9239783557802916
LogReg,0.2,3,robust,0.7564102564102564,0.6752136752136753,0.7195571955719557,1.0,0.3504273504273504,0.8369098712446352,0.919417050186281,0.9256098028805899
LogReg,0.2,4,robust,0.7580128205128205,0.6773504273504274,0.7208872458410351,1.0,0.3547008547008547,0.8378088077336198,0.9187376725838264,0.9244509068513143
LogReg,0.3,0,robust,0.7067307692307693,0.608974358974359,0.680628272251309,1.0,0.21794871794871795,0.8099688473520249,0.9190225728687267,0.925040789719314
LogReg,0.3,1,robust,0.7003205128205128,0.6004273504273504,0.6759098786828422,1.0,0.20085470085470086,0.8066184074457083,0.916480385711155,0.9248492620022187
LogReg,0.3,2,robust,0.7147435897435898,0.6196581196581197,0.6866197183098591,1.0,0.23931623931623933,0.81419624217119,0.9176309445540215,0.9234499238346519
LogReg,0.3,3,robust,0.7067307692307693,0.608974358974359,0.680628272251309,1.0,0.21794871794871795,0.8099688473520249,0.9202827087442472,0.9262933898881649
LogReg,0.3,4,robust,0.7163461538461539,0.6217948717948718,0.6878306878306878,1.0,0.24358974358974358,0.8150470219435737,0.9184308568923953,0.924872905129081
LogReg,0.4,0,robust,0.6634615384615384,0.5512820512820513,0.65,1.0,0.10256410256410256,0.7878787878787878,0.9158119658119659,0.9220814341112313
LogReg,0.4,1,robust,0.6602564102564102,0.5470085470085471,0.6478405315614618,1.0,0.09401709401709402,0.7862903225806451,0.9189787420556651,0.9240004927750272
LogReg,0.4,2,robust,0.6666666666666666,0.5555555555555556,0.6521739130434783,1.0,0.1111111111111111,0.7894736842105263,0.9191650230111769,0.9247454209109789
LogReg,0.4,3,robust,0.6650641025641025,0.5534188034188035,0.6510851419031719,1.0,0.10683760683760683,0.788675429726997,0.9221564760026298,0.9285980189670487
LogReg,0.4,4,robust,0.6682692307692307,0.5576923076923077,0.6532663316582915,1.0,0.11538461538461539,0.790273556231003,0.9179815910585142,0.9251015266224132
